oai:openimages.eu:1026848|"Guy Consolmagno: Extra footage 1"||"geology;meteorites;cosmology;physics;astronomy;Space exploration;Space;Science;philosophy;Religion;Christianity"|"Guy Consolmagno explains his fascination for meteorites and talks about combining science and religion; closeups of the Vatican meteorite collection; examples of special kinds of meteorite; a 3D scan of a meteorite"||VPRO|1960-01-01|https://www.openbeelden.nl/media/1026848|https://creativecommons.org/licenses/by-sa/3.0/nl/|https://www.openbeelden.nl/files/10/26/1026852.Guy_Consolmagno_ex2.mp4|
oai:openimages.eu:1026827|"Yuri Oganessian: Extra footage 1"||"Chemical elements;Trace elements;Elementary particles;Physics;Nuclear engineering;Nuclear physics;Russia;Armenian"|"Yuri Oganession visits the Joint Institute for Nuclear Research, some images of Dubna"||VPRO|2016-03-20|https://www.openbeelden.nl/media/1026827|https://creativecommons.org/licenses/by-sa/3.0/nl/|https://www.openbeelden.nl/files/10/26/1026831.Yuri_Oganessian_ex2.mp4|
oai:openimages.eu:1026763|"Carolina Cruz - Extra Footage"||"Computer science;Computer programming;Future society;Medical sciences;Medical information systems;Technology;Communication technology;Computer graphics;Computer software"|"Carolina Cruz and her son playing with the hololens; research of various AR and VR applications at the laboratory."||VPRO|2016-06-06|https://www.openbeelden.nl/media/1026763|https://creativecommons.org/licenses/by-sa/3.0/nl/|https://www.openbeelden.nl/files/10/26/1026767.Carolina_Cruz_br.mp4|
oai:openimages.eu:1026780|"Artur Avila - Extra footage"||NoTags|"Images of IMPA (Instituto Nacional de Matematica Pura e Aplicada); Director Marcelo Viana of IMPA talking about Artur Avila."||VPRO|1960-01-01|https://www.openbeelden.nl/media/1026780|https://creativecommons.org/licenses/by-sa/3.0/nl/|https://www.openbeelden.nl/files/10/26/1026784.Artur_Avila_br.mp4|
oai:openimages.eu:1024993|"Joanna Aizenberg about creating every desired material"||"Materials;Material science;Biomimetics;Natural sciences;Evolution;Organisms;Architecture;Technology;Design;Nanotechnology"|"Material scientist Joanna Aizenberg is an international pioneering in the creation of new, adaptive materials inspired by nature."||VPRO|2016-09-21|https://www.openbeelden.nl/media/1024993|https://creativecommons.org/licenses/by-sa/3.0/nl/|https://www.openbeelden.nl/files/10/24/1024997.Joanna_Aizenberg.mp4|
oai:openimages.eu:1025016|"Pascale Fung on building robots with empathy"||"Robotics;Computer science;Speech recogniton;Visual recognition;Emotions;Empathy;Algorithms;Machine learning;Artificial intelligence;Arts;Dance"|"Building robots and machines with empathy"||VPRO|2016-04-15|https://www.openbeelden.nl/media/1025016|https://creativecommons.org/licenses/by-sa/3.0/nl/|https://www.openbeelden.nl/files/10/25/1025020.Pascale_Fung.mp4|
oai:openimages.eu:1024999|"Susant Pattnaik: Extra footage part 1"||"Schools;Education;Science;Technology;Urban spaces;Schoolchildren;Educational equipment;India;Cultural indicators"|"Susant Pattnaik brings a visit to his former school"||VPRO|2016-09-11|https://www.openbeelden.nl/media/1024999|https://creativecommons.org/licenses/by-sa/3.0/nl/|https://www.openbeelden.nl/files/10/25/1025003.Susant_Pattnaik_ex2.mp4|
oai:openimages.eu:1024866|"Lee Cronin: Extra footage 1"||"Molecular physics;Molecular structure;Chemistry;Life sciences;Experiments;University laboratories;Chemical elements"|"Lee Cronin on how he combines and creates complexity with his equipment, by analogies with bakers and cocktails, and on digital chemistry"||VPRO|1960-01-01|https://www.openbeelden.nl/media/1024866|https://creativecommons.org/licenses/by-sa/3.0/nl/|https://www.openbeelden.nl/files/10/24/1024870.Lee_Cronin_ex2.mp4|
oai:openimages.eu:1024883|"Lee Cronin: Extra footage 2"||NoTags|"Lee Cronin demonstrating 'impossible' molecules; taking a nap in his sofa; theorizing on the glass wall; shots of the Cronin lab at the School of Chemistry in Glasgow"||VPRO|1960-01-01|https://www.openbeelden.nl/media/1024883|https://creativecommons.org/licenses/by-sa/3.0/nl/|https://www.openbeelden.nl/files/10/24/1024887.Lee_Cronin_ex.mp4|
oai:openimages.eu:1024788|"George Church: Extra footage"||NoTags|"Images from the lab at Harvard Medical School; George Church donating his own DNA to the Personal Genome Project at the GET conference; images of a park in Boston."||VPRO|1960-01-01|https://www.openbeelden.nl/media/1024788|https://creativecommons.org/licenses/by-sa/3.0/nl/|https://www.openbeelden.nl/files/10/24/1024792.George_Church_ex.mp4|
oai:openimages.eu:1024771|"Jean-Jacques Hublin: Extra footage 1"||"Palaeontology;Historiography;History;Evolution;Ancient civilizations;Palaeogeography"|"Jean-Jacques Hublin explains the significance of the homo-erectus in human evolution"||VPRO|2016-07-05|https://www.openbeelden.nl/media/1024771|https://creativecommons.org/licenses/by-sa/3.0/nl/|https://www.openbeelden.nl/files/10/24/1024775.Jean-Jacques_Hublin_ex3.mp4|
oai:openimages.eu:1024737|"Jian-Wei Pan: Extra footage 1"||"Quantum theory;Physics;Observation;China"|"Jian-Wei Pan travelling; images of the observatory in the mountains near Beijing; Jian-Wei Pan with family."||VPRO|1960-01-01|https://www.openbeelden.nl/media/1024737|https://creativecommons.org/licenses/by-sa/3.0/nl/|https://www.openbeelden.nl/files/10/24/1024741.Jian-Wei_Pan_br2.mp4|
oai:openimages.eu:1024718|"Hani Hayajneh: Extra footage 2"||"Culture;Middle East;Jordan;Semitic languages;History;Cultural history;Cultural heritage;Semitic languages;linguistics"|"Hani Hayajneh at the ancient city of Petra reflecting on ancient civilisations and the significance of cultural heritage"||VPRO|2015-11-06|https://www.openbeelden.nl/media/1024718|https://creativecommons.org/licenses/by-sa/3.0/nl/|https://www.openbeelden.nl/files/10/24/1024722.Hani_Hayajneh_ex2.mp4|
oai:openimages.eu:1024647|"Hani Hayajneh: Extra footage 1"||"Semitic languages;Cultural history;Middle East;Jordan;Linguistics"|"Hani Hayajneh discussing and documenting rock inscriptions with his students"||VPRO|2015-11-06|https://www.openbeelden.nl/media/1024647|https://creativecommons.org/licenses/by-sa/3.0/nl/|https://www.openbeelden.nl/files/10/24/1024651.Hani_Hayajneh_ex.mp4|
oai:openimages.eu:1024629|"Sara Seager: Extra footage 2"||"Astronomical systems;Astrophysics;Astronomical observatories;Astronomical systems;Technology;Planets;Space;Space sciences"|"Exoplanet hunter Sara Seager goes stargazing with her family"||VPRO|2016-04-26|https://www.openbeelden.nl/media/1024629|https://creativecommons.org/licenses/by-sa/3.0/nl/|https://www.openbeelden.nl/files/10/24/1024633.Sara_Seager_ex3.mp4|
oai:openimages.eu:1024564|"Segenet Kelemu: Extra footage 1"||"Plants;Agricultural development;Food technology;Africa;Kenya;Plant diseases;Plant ecology;Soil sciences;Crops;African cultures"|"Segenet Kelemu demonstrates her scientific 'push-pull' plant revolution in agriculture, and discusses its impact with the locals"||VPRO|2015-11-24|https://www.openbeelden.nl/media/1024564|https://creativecommons.org/licenses/by-sa/3.0/nl/|https://www.openbeelden.nl/files/10/24/1024568.Segenet_Kelemu_ex2.mp4|
oai:openimages.eu:1024581|"Sara Seager: Extra footage 1"||"Astronomical observatories;Astrophysics;Astronomy;Space;Astronomical systems;Planets"|"Exoplanet hunter Sara Seager talks about finding exoplanets while showing different videos and models of the universe in her office"||VPRO|2016-04-26|https://www.openbeelden.nl/media/1024581|https://creativecommons.org/licenses/by-sa/3.0/nl/|https://www.openbeelden.nl/files/10/24/1024585.Sara_Seager_ex2.mp4|
oai:openimages.eu:1024500|"Michel Poulain - Extra Footage 1"||"Demography;Explorer;Sardinia;Villagrande Strisaili;Longevity;Ageing;Italy;Blue zone"|"Extra Footage of Belgian demographer Michel Poulain and Villagrande Strisaili, Sardinia (Italy). Shots of Poulain talking to inhabitant Michelino Scuddo, visiting the graveyard. Shots of a traditional family dinner. Shots of a shepard and his herd."||VPRO|2016-06-19|https://www.openbeelden.nl/media/1024500|https://creativecommons.org/licenses/by-sa/3.0/nl/|https://www.openbeelden.nl/files/10/24/1024504.Michel_Poulain_br.mp4|
oai:openimages.eu:1024517|"Michel Poulain - Extra Footage 2"||"Demography;Old age;Biology;Future society;Italy;Ageing;Culture;Food customs"|"Belgian demographer Michel Poulain elaborating on 'blue zones' in Villagrande Strisaili, Sardinia (Italy), and visiting a local cemetery and village vital for his research"||VPRO|2016-06-19|https://www.openbeelden.nl/media/1024517|https://creativecommons.org/licenses/by-sa/3.0/nl/|https://www.openbeelden.nl/files/10/24/1024521.Michel_Poulain_ex.mp4|
oai:openimages.eu:1024377|"Erik Demaine - Extra footage"||"Mathematics;Mathematical analysis;Play"|"Demaine in his office; Erik and Marty Demaine working on origami and visiting PAX at the Boston Convention - the largest gaming event in the USA; working on a board game"||VPRO|1960-01-01|https://www.openbeelden.nl/media/1024377|https://creativecommons.org/licenses/by-sa/3.0/nl/|https://www.openbeelden.nl/files/10/24/1024381.Erik_Demaine_br.mp4|
oai:openimages.eu:1024394|"Miguel Nicolelis on his experiment to connect brains by combining EEG-signals from the brain"||"Brain;Experimental psychology;Experiments"|"Brazilian neuroscientist Miguel Nicolelis shows an expiriment on connecting two distinct human brains; he also demonstrates an experiment that helps paralyzed people to learn to walk again by using virtual reality and robotics"||VPRO|2016-02-28|https://www.openbeelden.nl/media/1024394|https://creativecommons.org/licenses/by-sa/3.0/nl/|https://www.openbeelden.nl/files/10/24/1024398.Miguel_Nicolelis_ex.mp4|
oai:openimages.eu:1024316|"Joanna Aizenberg - Extra Footage 1"||"Materials;Biology;Plants;Experiments;Fishing industry;Plant products"|"Aizenbergs team visiting the location in Cape Cod where liquid-infused porous surfaces technology developed in Aizenberg's lab is being tested."||VPRO|2016-09-22|https://www.openbeelden.nl/media/1024316|https://creativecommons.org/licenses/by-sa/3.0/nl/|https://www.openbeelden.nl/files/10/24/1024320.Joanna_Aizenberg_br.mp4|
oai:openimages.eu:1024334|"Rick Tumlinson: Extra footage 1"||"Space exploration;American history;Colonialism;Historiography;Future society;Social history;Cultural history"|"Rick Tumlinson visoins of a modern way of colonisation, and a sneak peak of his personal belongings"||VPRO|2016-10-02|https://www.openbeelden.nl/media/1024334|https://creativecommons.org/licenses/by-sa/3.0/nl/|https://www.openbeelden.nl/files/10/24/1024338.Rick_Tumlinson_br2.mp4|
oai:openimages.eu:1024210|"Donald Hoffman: Extra footage 1"||"Experimental psychology;Experiments;Evolution;University laboratories;Biology"|"Donald Hoffman on an eye-tracking experiment, and discussing mathematical models figuring in his theory"||VPRO|2016-05-01|https://www.openbeelden.nl/media/1024210|https://creativecommons.org/licenses/by-sa/3.0/nl/|https://www.openbeelden.nl/files/10/24/1024214.Donald_Hoffman_ex2.mp4|
oai:openimages.eu:1024227|"Susant Pattnaik: Extra footage part 2"||"Electronic engineering;India;Engineers;Technicians;Technology;Social structure;Laboratory equipment"|"Susant Pattnaik talks about his invention to protect woman from rape attacks. He gives a tour through the FabLab in Bopal, India"||VPRO|2016-09-11|https://www.openbeelden.nl/media/1024227|https://creativecommons.org/licenses/by-sa/3.0/nl/|https://www.openbeelden.nl/files/10/24/1024231.Susant_Pattnaik_ex3.mp4|
oai:openimages.eu:1024112|"IAS-director and Leon Levy professor Robbert Dijkgraaf interviews Martin Rees on the future of man in the cosmos"||"Cosmology;Human settlements;Evolution;Extraterrestrials;Earth;Future;Technology;Space;Civilization;Future society;Artificial intelligence;Machines"|"UK's Astronomer Royal reflects on the future of humanity in the cosmos"||VPRO|2016-11-27|https://www.openbeelden.nl/media/1024112|https://creativecommons.org/licenses/by-sa/3.0/nl/|https://www.openbeelden.nl/files/10/24/1024116.Martin_Rees.mp4|
oai:openimages.eu:1024135|"John List: Extra footage 1"||"Economics;USA;Game theory;Trade"|"John List shows his collection of precious baseball cards."||VPRO|2016-10-25|https://www.openbeelden.nl/media/1024135|https://creativecommons.org/licenses/by-sa/3.0/nl/|https://www.openbeelden.nl/files/10/24/1024139.John_List_ex2.mp4|
oai:openimages.eu:1024118|"Ron Fouchier: Extra footage 2"||NoTags|"Ron Fouchier in the Erasmus Medical Center Rotterdam, visiting the co-workers in his lab. Also a view on some security measures and experiments with frets, visiting a duck trap facility for taking duck samples, preparing some eggs for research. At the end some closeups of Ron Fouchier"||VPRO|2016-03-23|https://www.openbeelden.nl/media/1024118|https://creativecommons.org/licenses/by-sa/3.0/nl/|https://www.openbeelden.nl/files/10/24/1024122.Ron_Fouchier_ex.mp4|
oai:openimages.eu:1024045|"Juan Maldacena: Extra footage"||NoTags|"Juan Maldacena elaborating on the problems he is currently studying, discussing quantum mechanical issues with his colleagues, and spending some time with his family"||VPRO|2016-02-21|https://www.openbeelden.nl/media/1024045|https://creativecommons.org/licenses/by-sa/3.0/nl/|https://www.openbeelden.nl/files/10/24/1024049.Juan_Maldacena_br.mp4|
oai:openimages.eu:1024063|"Jian-Wei Pan - Extra footage 2"||"University laboratories;Quantum theory;Physics;China"|"Quantum mechanics laboratory in Hefei China; shots of the observatory in the mountains near Beijing."||VPRO|1960-01-01|https://www.openbeelden.nl/media/1024063|https://creativecommons.org/licenses/by-sa/3.0/nl/|https://www.openbeelden.nl/files/10/24/1024067.Jian-Wei_Pan_br.mp4|
oai:openimages.eu:1023997|"Rick Tumlinson: Extra footage 2"||"american history;Social history;Space exploration;Entrepreneurs;Colonialism;Colonization;Space sciences;Space"|"Rick Tumlinson visits a re-enactment of 19th century Gonzales, discusses Texas' history and dives into his own family history"||VPRO|2016-10-02|https://www.openbeelden.nl/media/1023997|https://creativecommons.org/licenses/by-sa/3.0/nl/|https://www.openbeelden.nl/files/10/24/1024001.Rick_Tumlinson_br.mp4|
oai:openimages.eu:1023979|"Guy Consolmagno: Extra footage 2"||"telescope;geology;Space;Space exploration;Astronomy;History of science;Cosmology;Astronomical observatories"|"Guy Consolmagno showing an antique telescope at the Vatican observatory; looking at the moon at night; telescope images of the moon."||VPRO|1960-01-01|https://www.openbeelden.nl/media/1023979|https://creativecommons.org/licenses/by-sa/3.0/nl/|https://www.openbeelden.nl/files/10/23/1023983.Guy_Consolmagno_ex3.mp4|
oai:openimages.eu:1023927|"IAS-director and Leon Levy professor Robbert Dijkgraaf interviews George Whitesides on the world of chemistry shaping our future"||"Chemistry;Nanotechnology;Origin of life;Technology;Future society;Human species;Universe;Health;Creative thinking"|"Chemist and nanoscientist George Whitesides on the impact science and technology will have on the future of human kind"||VPRO|2017-01-20|https://www.openbeelden.nl/media/1023927|https://creativecommons.org/licenses/by-sa/3.0/nl/|https://www.openbeelden.nl/files/10/23/1023931.George_Whitesides.mp4|
oai:openimages.eu:1023908|"Sara Seager: Extra footage 3"||"Astrophysics;Astronomy;Astronomical observatories;Astronomical systems;Space;Planets;Engineering"|"Sara Seager Explains how the exoplanet finding satelite works and gives a tour around the campus"||VPRO|2017-04-26|https://www.openbeelden.nl/media/1023908|https://creativecommons.org/licenses/by-sa/3.0/nl/|https://www.openbeelden.nl/files/10/23/1023912.Sara_Seager_ex.mp4|
oai:openimages.eu:1023862|"Hans Clevers: Extra footage 1"||"Biology;Biological effects;Biological research;Human biology;Human physiology;Arts;Australia"|"Hans Clevers looking at and commenting on aboriginal art; closeups of the aboriginal art work; shots of 'cell art' at the Hubrecht Institute; closeup of Hans Clevers."||VPRO|1960-01-01|https://www.openbeelden.nl/media/1023862|https://creativecommons.org/licenses/by-sa/3.0/nl/|https://www.openbeelden.nl/files/10/23/1023866.Hans_Clevers_ex2.mp4|
oai:openimages.eu:1023883|"Miguel Nicolelis: Extra footage part 1"||"Sport;Brazil;Culture;Sports facilities;complexity;Brain;Psychology"|"Miguel Nicolelis visits a football match of his favorite club, Palmeiras."||VPRO|2016-02-28|https://www.openbeelden.nl/media/1023883|https://creativecommons.org/licenses/by-sa/3.0/nl/|https://www.openbeelden.nl/files/10/23/1023887.Miguel_Nicolelis_ex2.mp4|
oai:openimages.eu:1023825|"Yuri Oganessian: Extra Footage 2"||"Elementary particles;Particle accelerators;Nuclear engineering;Nuclear physics;Experiments;Chemistry"|"Yuri Oganessian in the Joint Institute for Nuclear Research in Doebna, coordinating the work and discussing experiments with colleagues"||VPRO|2016-03-20|https://www.openbeelden.nl/media/1023825|https://creativecommons.org/licenses/by-sa/3.0/nl/|https://www.openbeelden.nl/files/10/23/1023829.Yuri_Oganessian_ex.mp4|
oai:openimages.eu:1023807|"John List: Extra footage 3"||Architecture;USA|"Drone footage of the University of Chicago"||VPRO|2016-10-25|https://www.openbeelden.nl/media/1023807|https://creativecommons.org/licenses/by-sa/3.0/nl/|https://www.openbeelden.nl/files/10/23/1023811.John_List_ex.mp4|
oai:openimages.eu:1023755|"Ron Fouchier: Extra footage 1"||"Virology;Viruses;Biology;Human biology;Experiments;Pathology;Diseases"|"Interview with Ron Fouchier in a duck trap facility. He explains his research on flu viruses on wild birds, and reflects on its potential effects for humans and the future"||VPRO|2016-03-23|https://www.openbeelden.nl/media/1023755|https://creativecommons.org/licenses/by-sa/3.0/nl/|https://www.openbeelden.nl/files/10/23/1023759.Ron_Fouchier_ex2.mp4|
oai:openimages.eu:1023772|"John List: Extra footage 2"||"Education;Educational efficiency;Economics;Schoolchildren;Schools;USA"|"John List visits the school where he does one of his field expiriments."||VPRO|2016-10-25|https://www.openbeelden.nl/media/1023772|https://creativecommons.org/licenses/by-sa/3.0/nl/|https://www.openbeelden.nl/files/10/23/1023776.John_List_ex3.mp4|
oai:openimages.eu:1023665|"Joanna Aizenberg - Extra Footage 2"||"Plants;Plant physiology;Experiments;University laboratories"|"Aizenberg's laboratory where new materials are being tested and researched."||VPRO|2016-09-22|https://www.openbeelden.nl/media/1023665|https://creativecommons.org/licenses/by-sa/3.0/nl/|https://www.openbeelden.nl/files/10/23/1023669.Joanna_Aizenberg_br2.mp4|
oai:openimages.eu:1023682|"Segenet Kelemu: Extra footage 3"||"Kenya;Rural environment;African cultures;Food supply"|"A trip through rural Kenia"||VPRO|2015-11-24|https://www.openbeelden.nl/media/1023682|https://creativecommons.org/licenses/by-sa/3.0/nl/|https://www.openbeelden.nl/files/10/23/1023686.Segenet_Kelemu_ex3.mp4|
oai:openimages.eu:1023583|"Hans Clevers: Extra footage 2"||"Molecular biology;Molecular structure;Biology;Biological control;Human biology;Cell biology;Arts;University laboratories"|"Hans Clevers gives a tour in his lab at the Hubrecht Institute, including images and explanation of organoids with PhD student Frans Schutgens; 3D images of a liver organoid; experiments with zebra fish."||VPRO|1960-01-01|https://www.openbeelden.nl/media/1023583|https://creativecommons.org/licenses/by-sa/3.0/nl/|https://www.openbeelden.nl/files/10/23/1023587.Hans_Clevers_ex.mp4|
oai:openimages.eu:1023601|"Nicky Clayton - Extra footage"||"Psychology;Experimental psychology;language;Philosophy of mind;Mind;Intelligence;Animals;Experiments;Cognition"|"Clayton demonstrates several bird experiments; kids try the same experiment; a crow caching food; Clayton on tango dancing."||VPRO|2016-06-22|https://www.openbeelden.nl/media/1023601|https://creativecommons.org/licenses/by-sa/3.0/nl/|https://www.openbeelden.nl/files/10/23/1023605.Nicky_Clayton_br.mp4|
oai:openimages.eu:1023520|"Charles Spence: extra footage 1"||"psychology;experiments;University laboratories;Food technology;Sensory systems;Experimental psychology"|"Charles Spence on his way to his laboratory, and discussing work with his student Alejandro Salgado Montejo"||VPRO|2016-06-26|https://www.openbeelden.nl/media/1023520|https://creativecommons.org/licenses/by-sa/3.0/nl/|https://www.openbeelden.nl/files/10/23/1023524.Charles_Spence_ex.mp4|
oai:openimages.eu:1023538|"Susant Pattnaik: Extra footage part 3"||"Engineering;Technology;Technicians;Electrical engineering;Electrical equipment;India;Religious practice"|"Susant Pattnaik visits his parental house where he talks about how he started out as an inventor. Also some extra footage of Bopal, India"||VPRO|2016-09-11|https://www.openbeelden.nl/media/1023538|https://creativecommons.org/licenses/by-sa/3.0/nl/|https://www.openbeelden.nl/files/10/23/1023542.Susant_Pattnaik_ex.mp4|
oai:openimages.eu:1023301|"IAS-director and Leon Levy professor Robbert Dijkgraaf interviews networks expert Jennifer Chayes on how the world of technology will shape our future"||"Information;Technology;Future society;Computer networks;Networks;Artificial intelligence;Connectivity;Social media;Knowledge;Microsoft"|"An influential computer scientist reflecting on how networks and the world of technology will impact our future lives."||VPRO|2017-01-19|https://www.openbeelden.nl/media/1023301|https://creativecommons.org/licenses/by-sa/3.0/nl/|https://www.openbeelden.nl/files/10/23/1023305.Jennifer_Chayes.mp4|
oai:openimages.eu:1023295|"Donald Hoffman: Extra footage 2"||Psychology;Religion;Science;Philosophy;Theology|"Donald Hoffman in an in-depth discussion with his parents on the intersections and mutually exclusive aspects of religion and science"||VPRO|2015-05-01|https://www.openbeelden.nl/media/1023295|https://creativecommons.org/licenses/by-sa/3.0/nl/|https://www.openbeelden.nl/files/10/23/1023299.Donald_Hoffman_ex.mp4|
oai:openimages.eu:1023337|"Trond Helge Torsvik - Extra footage"||"Geology;Tectonics;Geographers;Iceland;Earth sciences;Palaeogeography;Palaeogeology"|"Torsvik drilling in Icelandic rock; at the plate boundary betwoon North America and Europe; scenery shots of Iceland; Torsvik at a geothermal powerplant."||VPRO|2016-05-10|https://www.openbeelden.nl/media/1023337|https://creativecommons.org/licenses/by-sa/3.0/nl/|https://www.openbeelden.nl/files/10/23/1023341.Trond_Helge_Torsvik_br.mp4|
oai:openimages.eu:1023307|"Guy Consolmagno: Extra footage"||"Astronomy;Astrophysics;Meteorites;Philosophy;Religion;Christianity;Religious practice;Religion;Science"|"Guy Consolmagno on the structure of the universe and in a state of contemplation"||VPRO|2015-12-17|https://www.openbeelden.nl/media/1023307|https://creativecommons.org/licenses/by-sa/3.0/nl/|https://www.openbeelden.nl/files/10/23/1023311.Guy_Consolmagno_ex.mp4|
oai:openimages.eu:1023260|"Jean-Jacques Hublin: Extra footage 3"||"Archaeology;Archaeological excavations;Archaeological objects;Evolution;History;Palaeontology;Palaeolithic;Cultural history"|"Jean-Jacques Hublin takes a look on the excavation site in Leipzich and analyzes digitally some archaeological objects"||VPRO|2016-07-05|https://www.openbeelden.nl/media/1023260|https://creativecommons.org/licenses/by-sa/3.0/nl/|https://www.openbeelden.nl/files/10/23/1023264.Jean-Jacques_Hublin_ex2.mp4|
oai:openimages.eu:1023239|"Jean-Jacques Hublin: Extra footage 2"||"Fossils;Palaeontology;Palaeogeography;History;Evolution;Science;Cultural history"|"Jean-Jacques Hublin at home elaborating on fossils and what they learn us"||VPRO|2016-07-05|https://www.openbeelden.nl/media/1023239|https://creativecommons.org/licenses/by-sa/3.0/nl/|https://www.openbeelden.nl/files/10/23/1023243.Jean-Jacques_Hublin_ex.mp4|
oai:openimages.eu:1023175|"Yoshua Bengio: Extra Footage 3"||"Algorithms;equations;Artificial intelligence;Mathematical models;mathematical analysis;Neurology;neuroscience"|"Bengio elaborates on the equations he uses, their meaning, and on his favourite songs"||VPRO|2016-02-17|https://www.openbeelden.nl/media/1023175|https://creativecommons.org/licenses/by-sa/3.0/nl/|https://www.openbeelden.nl/files/10/23/1023179.Yoshua_Bengio_ex.mp4|
oai:openimages.eu:1023193|"Segenet Kelemu: Extra footage 2"||"Food preparation;Food consumption;Africa;African culture;Food supply;Agriculture;Agricultural development;World problems;Food preservation"|"A chef prepares locusts for consumption, and a look into a locust breeding box"||VPRO|2015-11-24|https://www.openbeelden.nl/media/1023193|https://creativecommons.org/licenses/by-sa/3.0/nl/|https://www.openbeelden.nl/files/10/23/1023197.Segenet_Kelemu_ex.mp4|
oai:openimages.eu:1023095|"Yoshua Bengio: Extra footage 2"||"Artificial intelligence;Computer programming;algorithms;Electronic learning"|"Bengio explains how computers and our brain exhibit 'deep learning' by employing multi-stage computing, and he reflects on the future of artificial intelligence"||VPRO|2016-02-17|https://www.openbeelden.nl/media/1023095|https://creativecommons.org/licenses/by-sa/3.0/nl/|https://www.openbeelden.nl/files/10/23/1023099.Yoshua_Bengio_ex3.mp4|
oai:openimages.eu:1023078|"Yoshua Bengio Extra Footage 1: Brainstorm with students"||"Artificial intelligence"|"Bengio walking to a classroom; talking with students at the Montreal Institute for Learning Algorithms on generalizing the principle of backpropagation"||VPRO|2016-02-18|https://www.openbeelden.nl/media/1023078|https://creativecommons.org/licenses/by-sa/3.0/nl/|https://www.openbeelden.nl/files/10/23/1023082.Yoshua_Bengio_ex2.mp4|
oai:openimages.eu:1023034|"Pascale Fung: extra footage"||"robotics;algorithms;emotions;artificial intelligence;modernisation;empathy"|"Fung visits the Hong Kong Electronic fair, interacts with a digital robot, strolls on the beach, plays with her kids, and visits her flamenco class"||VPRO|2016-04-15|https://www.openbeelden.nl/media/1023034|https://creativecommons.org/licenses/by-sa/3.0/nl/|https://www.openbeelden.nl/files/10/23/1023038.Pascale_Fung_br.mp4|
oai:openimages.eu:1004470|"Innovator Susant Pattnaik on how to impact your local community"||"Innovation behaviour;Entrepreneur;Innovator;Technology;local challenges;Creative thinking;Future society;Empowerment"|"Susant Pattnaik talks about how he wants to tackle local challenges and what the future will bring if a next generation starts innovating"||VPRO|2016-09-11|https://www.openbeelden.nl/media/1004470|https://creativecommons.org/licenses/by-sa/3.0/nl/|https://www.openbeelden.nl/files/10/04/1004474.Susant_Pattnaik.mp4|
oai:openimages.eu:1004354|"Segenet Kelemu on how Africa can conquer the world through its knowledge of the world of insects"||"Plants;Plant biology;Plant pathology;Entomology;Food technology;Food;Insects;Symbiosis"|"Segenet Kelemu on how Africa can conquer the world through its knowledge of the world of insects, creating new medicines and herbicides and sustainable food systems."||VPRO|2015-11-24|https://www.openbeelden.nl/media/1004354|https://creativecommons.org/licenses/by-sa/3.0/nl/|https://www.openbeelden.nl/files/10/04/1004358.Segenet_Kelemu.mp4|
oai:openimages.eu:1004205|"John List on changing the rules of economy"||"Economics;Sociology;Economic behaviour;Markets;Education;Charitable giving;Social welfare;Field experiments;Discrimination;Social inequality"|"Using field experiments in economy creating a more honest system and equally distributed wealth."||VPRO|2016-10-25|https://www.openbeelden.nl/media/1004205|https://creativecommons.org/licenses/by-sa/3.0/nl/|https://www.openbeelden.nl/files/10/04/1004209.John_List.mp4|
oai:openimages.eu:1004044|"Carolina Cruz on how virtual reality will shape the world of tomorrow"||"Virtual reality;Computer science;Video games;Educational games;Medical research;Mathematics;Identity;Technology;Health"|"Virtual reality pioneer Carolina Cruz shows us what happens when the real and the virtual world intersect."||VPRO|2016-07-06|https://www.openbeelden.nl/media/1004044|https://creativecommons.org/licenses/by-sa/3.0/nl/|https://www.openbeelden.nl/files/10/04/1004048.Carolina_Cruz.mp4|
oai:openimages.eu:1004013|"Pascal Fung on building robots with empathy"||"Robotics;Computer science;Speech recogniton;Visual recognition;Emotions;Empathy;Algorithms;Machine learning;Artificial intelligence;Arts;Dance"|"Building robots and machines with empathy"||VPRO|2016-04-15|https://www.openbeelden.nl/media/1004013|https://creativecommons.org/licenses/by-sa/3.0/nl/|https://www.openbeelden.nl/files/10/04/1004017.Pascale_Fung.mp4|
oai:openimages.eu:1003870|"Neuroscientist Miguel Nicolelis on connecting brains and machines"||"Neurobiology;Neurology;Brain machine interface;Brain;Medical rehabilitation;Robotics;Artificial brain;Bionics;Mind control;Neuroengineering"|"Brazilian neuroscientist Miguel Nicolelis about the possible to create an organic computer and a brain net by connecting human brains."||VPRO|2016-02-28|https://www.openbeelden.nl/media/1003870|https://creativecommons.org/licenses/by-sa/3.0/nl/|https://www.openbeelden.nl/files/10/03/1003874.Miguel_Nicolelis.mp4|
oai:openimages.eu:1003891|"Virus hunter Ron Fouchier on conquering the virus world"||"Virology;Viruses;Pandemic;Microbiology;Swine flu;Bird flu;Mexican flu;Medical sciences;Wild animals;Birds;Preventive medicine;Virotherapy;Diseases"|"Virus hunter Ron Fouchier on understanding the evolution of viruses in order to protect mankind and animals from virus attacks and even using viruses as a future treatment for deadly diseases such as cancers."||VPRO|2016-03-23|https://www.openbeelden.nl/media/1003891|https://creativecommons.org/licenses/by-sa/3.0/nl/|https://www.openbeelden.nl/files/10/03/1003895.Ron_Fouchier.mp4|
oai:openimages.eu:1003690|"Jean-Jacques Hublin on human evolution"||"Palaeontology;Evolution;Species;Homo sapiens;Hunter-gatherer;Natural history;Archaeology;Paleoarchaeology;Prehistory;History"|"Jean-Jacques Hublin talking about evolution of the human species and the question what makes us so dangerous."||VPRO|2016-07-05|https://www.openbeelden.nl/media/1003690|https://creativecommons.org/licenses/by-sa/3.0/nl/|https://www.openbeelden.nl/files/10/03/1003694.Jean-Jacques_Hublin.mp4|
oai:openimages.eu:1003714|"Quantum physicist Juan Maldacena on the new quantum-reality theory"||"Physics;Theoretical physics;Holographic principle;Space-time;Wormhole;Black holes;Quantum theory;Quantum physics"|"Juan Maldacena, a quantum physicist at the Institute of Advanced Study (IAS), on a new quantum-reality theory. He is often called 'the new Einstein'."||VPRO|2016-02-21|https://www.openbeelden.nl/media/1003714|https://creativecommons.org/licenses/by-sa/3.0/nl/|https://www.openbeelden.nl/files/10/03/1003718.Juan_Maldacena.mp4|
oai:openimages.eu:1003627|"Chemist Hans Clevers replaces worn-down body parts with organoids created outside the body"||"Stem cells;Organoids;Genetics;Biology;Cells;DNA;Cancer;Developmental biology;Medical biology;Health;Life"|"Dutch chemist Hans Clevers makes organoids (living organs outside the body) out of stem cells. If every human body part can be replaced by organoids, what defines a human?"||VPRO|1960-01-01|https://www.openbeelden.nl/media/1003627|https://creativecommons.org/licenses/by-sa/3.0/nl/|https://www.openbeelden.nl/files/10/03/1003631.Hans_Clevers.mp4|
oai:openimages.eu:1003648|"Jan Wei Pan on quantum weirdness"||"Quantum theory;Quantum technology;Quantum computer;Space;Satellites;quantum entanglement;Elementary particles;Communication;Computing"|"Chinese quantum physicist Jan Wei Pan on how the Chinese are exploring the quantum world and the launch of the first quantum satellite."||VPRO|2016-08-24|https://www.openbeelden.nl/media/1003648|https://creativecommons.org/licenses/by-sa/3.0/nl/|https://www.openbeelden.nl/files/10/03/1003652.Jian-Wei_Pan.mp4|
oai:openimages.eu:1003511|"Hani Hayajneh on pre-islamic cultures and languages"||"Languages;Middle East;Islam;Pre islamic culture;Archaeologists;Sociology;History;Semitic languages;Semiology;Nabataeans;Arts;Culture"|"Building peace in the Middle East through a better understanding of pre-islamic languages and cultures"||VPRO|2015-11-06|https://www.openbeelden.nl/media/1003511|https://creativecommons.org/licenses/by-sa/3.0/nl/|https://www.openbeelden.nl/files/10/03/1003515.Hani_Hayajneh.mp4|
oai:openimages.eu:1003530|"Innovator Susant Pattnaik on how to impact your local community"||"Innovation behaviour;Entrepreneur;Innovator;Technology;local challenges;Creative thinking;Future society;Empowerment"|"Susant Pattnaik talks about how he wants to tackle local challenges and what the future will bring if a next generation starts innovating"||VPRO|2016-09-11|https://www.openbeelden.nl/media/1003530|https://creativecommons.org/licenses/by-sa/3.0/nl/||
oai:openimages.eu:1003237|"Donald Hoffman on what reality is"||"Cognition;Psychology;Religion;Reality;Virtual reality;Universe;Evolution;Game theory;consciousness;Brain;Quantum theory;Computational neuroscience;Visual perception;Space-time"|"Cognitive scientist Donald Hoffman talks about how evolution and quantum physics can let us experience other realities than we think."||VPRO|2016-05-01|https://www.openbeelden.nl/media/1003237|https://creativecommons.org/licenses/by-sa/3.0/nl/|https://www.openbeelden.nl/files/10/03/1003241.Donald_Hoffman.mp4|
oai:openimages.eu:1002986|"Guy Consolmagno"||"Astrophysics;Astronomy;Astronomical observatories;Planets;Stars;Meteorites;Jesuits;Vatican;Religion;Galileo Galilei;Pierre Simon Laplace;Isaac Newton;Galaxies;History;Church;Pope Francis;Extraterrestrial life"|"Pope's astronomer Brother Guy Consolmagno on combining his belief in God as Director of the Vatican Observatory with his knowledge of meteorites, older than our planet."||VPRO|2015-12-17|https://www.openbeelden.nl/media/1002986|https://creativecommons.org/licenses/by-sa/3.0/nl/|https://www.openbeelden.nl/files/10/02/1002990.Guy_Consolmagno.mp4|
oai:openimages.eu:1001921|"Michel Poulain hunting for the secret of a long and healthy life"||"Longevity;Health;Elderly;Genes;Blue Zones;Demography;Centenarians;Life style;Population;Elixir for life"|"Demographer wants to find the elixir for life by studying communities with super old and healthy people"||VPRO|2016-06-20|https://www.openbeelden.nl/media/1001921|https://creativecommons.org/licenses/by-sa/3.0/nl/|https://www.openbeelden.nl/files/10/01/1001925.Michel_Poulain.mp4|
oai:openimages.eu:1002043|"Psychologist Charles Spence on fooling and reinforcing your senses"||"Psychology;Experiments;Sensory systems;Environment;Neuroscience;Brain"|"British experimental psychologist Charles Spence on reprogramming and enhancing your senses."||VPRO|2016-06-26|https://www.openbeelden.nl/media/1002043|https://creativecommons.org/licenses/by-sa/3.0/nl/|https://www.openbeelden.nl/files/10/02/1002047.Charles_Spence.mp4|
oai:openimages.eu:1002054|"Joanna Aizenberg"||"Materials;Material science;Biomimetics;Natural sciences;Evolution;Organisms;Architecture;Technology;Design;Nanotechnology"|"Material scientist Joanna Aizenberg is an international pioneering in the creation of new, adaptive materials inspired by nature."||VPRO|2016-09-21|https://www.openbeelden.nl/media/1002054|https://creativecommons.org/licenses/by-sa/3.0/nl/|https://www.openbeelden.nl/files/10/02/1002058.Joanna_Aizenberg.mp4|
oai:openimages.eu:1001894|"Martin Rees on the future of man in the cosmos"||"Cosmology;Human settlements;Evolution;Extraterrestrials;Earth;Future;Technology;Space;Civilization;Future society;Artificial intelligence;Machines"|"UK's Astronomer Royal reflects on the future of humanity in the cosmos"||VPRO|2016-11-27|https://www.openbeelden.nl/media/1001894|https://creativecommons.org/licenses/by-sa/3.0/nl/|https://www.openbeelden.nl/files/10/01/1001898.Martin_Rees.mp4|
oai:openimages.eu:1001766|"Math genius Artur Avila about calming chaos"||"Mathematics;Dynamical systems;Planets;Weather;Population dynamics;Applied mathematics;Arts;Mathematical logic;Mind"|"Brazilian math genius Artur Avila searching for ways to understand chaos in complex dynamic systems that evolve over time such as planets moving around a star or a population of organisms growing or declining over time."||VPRO|2016-03-01|https://www.openbeelden.nl/media/1001766|https://creativecommons.org/licenses/by-sa/3.0/nl/|https://www.openbeelden.nl/files/10/01/1001770.Artur_Avila.mp4|
oai:openimages.eu:1001741|"Trond Helge Torsvik"||"Geodynamics;Geophysics;Earth (planet);Earth sciences;Volcanoes;Tectonics;Palaeogeology;Pangea;Continental drift;Continents"|"A modern day Jules Verne, Norwegian geophysicist Trond Helge Torsvik wants to reconstruct the evolution of the earth and to answer the question why the earth is the only planet with plate tectonics. What makes the earth so special?"||VPRO|2016-05-10|https://www.openbeelden.nl/media/1001741|https://creativecommons.org/licenses/by-sa/3.0/nl/|https://www.openbeelden.nl/files/10/01/1001745.Trond_Helge_Torsvik.mp4|
oai:openimages.eu:1001533|"Sara Seager on finding exoplanets and life in the universe"||"Astrophysics;Universe;Exoplanets;Extraterrestrial life;Solar system;Galaxies;Planets"|"Exoplanet hunter Sara Seager talks about her pioneering work in finding exoplanets, planets that orbit stars other than the sun, her search for extraterrestrial life in the universe and the future of exoplanetary science."||VPRO|2016-04-26|https://www.openbeelden.nl/media/1001533|https://creativecommons.org/licenses/by-sa/3.0/nl/|https://www.openbeelden.nl/files/10/01/1001537.Sara_Seager.mp4|
oai:openimages.eu:1001563|"George Whitesides on the world of chemistry shaping our future"||"Chemistry;Nanotechnology;Origin of life;Technology;Future society;Human species;Universe;Health;Creative thinking"|"Chemist and nanoscientist George Whitesides on the impact science and technology will have on the future of human kind"||VPRO|2017-01-20|https://www.openbeelden.nl/media/1001563|https://creativecommons.org/licenses/by-sa/3.0/nl/|https://www.openbeelden.nl/files/10/01/1001567.George_Whitesides.mp4|
oai:openimages.eu:1001466|"Element hunter Yuri Oganessian on creating new chemical elements"||"Nuclear physics;Periodic table of the elements;Chemical elements;Elementary particles;Particle physics"|"Russian nuclear physicist Yuri Oganessian from the world renowned nuclear lab in Russia's Dubna welcomes the first non-Russian film crew at his lab, talking on how to find new chemical elements."||VPRO|2016-03-20|https://www.openbeelden.nl/media/1001466|https://creativecommons.org/licenses/by-sa/3.0/nl/|https://www.openbeelden.nl/files/10/01/1001470.Yuri_Oganessian.mp4|
oai:openimages.eu:1001487|"Erik Demaine, the genius that plays for a living"||"Algorithms;Problem solving;Mathematics;Game theory;Video games;Games;Design;Geometry;Origami;Arts"|"Mathematician Erik Demaine talks about understanding complex problems and design solutions through play and gaming."||VPRO|2016-04-21|https://www.openbeelden.nl/media/1001487|https://creativecommons.org/licenses/by-sa/3.0/nl/|https://www.openbeelden.nl/files/10/01/1001491.Erik_Demaine.mp4|
oai:openimages.eu:1001158|"Biochemist Lee Cronin on creating artificial life"||"Life sciences;Life;Evolution;Molecular biology;Molecules;Synthetic life;Origin of life;Computers;Chemistry;Drugs"|"Biochemist Lee Cronin of the Univesity of Glasgow about his quest for creating synthetic life and the possibilities of printing molecules."||VPRO|1960-01-01|https://www.openbeelden.nl/media/1001158|https://creativecommons.org/licenses/by-sa/3.0/nl/|https://www.openbeelden.nl/files/10/01/1001162.Lee_Cronin.mp4|
oai:openimages.eu:1001176|"Nicky Clayton on the theory of mind"||"Psychology;Intelligence;Mind;Theory of mind;Animals;Thinking;Memory;Cognition;Birds;Arts;Dance"|"British psychologist Nicky Clayton on the theory of mind. What is thinking? How do people and animals think?"||VPRO|2016-06-22|https://www.openbeelden.nl/media/1001176|https://creativecommons.org/licenses/by-sa/3.0/nl/|https://www.openbeelden.nl/files/10/01/1001180.Nicky_Clayton.mp4|
oai:openimages.eu:1001004|"Networks expert Jennifer Chayes on how the world of technology will shape our future"||"Information;Information technology;Technology;Future society;Computer networks;Networks;Artificial intelligence;Connectivity;Social media;The Mind of the Universe;Knowledge;Microsoft"|"An influential computer scientist reflecting on how networks and the world of technology will impact our future lives."||VPRO|1960-01-01|https://www.openbeelden.nl/media/1001004|https://creativecommons.org/licenses/by-sa/3.0/nl/|https://www.openbeelden.nl/files/10/01/1001008.Jennifer_Chayes.mp4|
oai:openimages.eu:1000986|"Yoshua Bengio on intelligent machines"||"Artificial intelligence;Information;Information technology;Technology;Machine learning;Deep learning;Computer networks;Neural networks;Intelligence;Brain;Learning;Algorithms;Machines;Robotics;Mind;Emotions;Computers;Mathematics;Illusionist"|"Canadian computer scientist Yoshua Bengio on artificial intelligence and how we can create thinking and learning machines through algorithms."||VPRO|1960-01-01|https://www.openbeelden.nl/media/1000986|https://creativecommons.org/licenses/by-sa/3.0/nl/|https://www.openbeelden.nl/files/10/00/1000990.Yoshua_Bengio.mp4|
oai:openimages.eu:1000836|"George Church on the revolution in and future of dna editing"||"Genetics;Biotechnology;Life sciences;Creative thinking;Genes;Gene editing;Creator;Medical sciences;Genome;dna;Gene technology;Brain;Universe;Galaxies"|"Geneticist and bio-engineer George Church interviewed in his office talking about what motivates him, the current revolution in dna editing and the implications for the future of mankind."||VPRO|1960-01-01|https://www.openbeelden.nl/media/1000836|https://creativecommons.org/licenses/by-sa/3.0/nl/|https://www.openbeelden.nl/files/10/00/1000840.George_Church.mp4|
oai:openimages.eu:1000452|"Space pioneer Rick Tumlinson on colonizing space"||"Space;Space exploration;Planets;Colonization;Human settlements;Space technology;Space sciences;Asteroid mining;Dreamer;Future society"|"Rick Tumlinson on colonizing space and our future work and life on other planets."||VPRO|2016-10-02|https://www.openbeelden.nl/media/1000452|https://creativecommons.org/licenses/by-sa/3.0/nl/|https://www.openbeelden.nl/files/10/00/1000456.Rick_Tumlinson.mp4|
oai:openimages.eu:82707|"California Dreaming"|||"California is a strong brand, the state of new beginnings, dreams and movie stars, of surfers and a wonderful climate. But the Golden State is bankrupt and the city of Los Angeles is running out of cash. Public services are being cut and unemployment keeps rising. At the same time, optimism, entrepreneurship and the belief in the power of America are stronger than ever."||"VPRO tegenlicht"|2011-05-28|https://www.openbeelden.nl/media/82707|https://creativecommons.org/licenses/by-nc-sa/3.0/nl/|https://www.openbeelden.nl/files/82/82721.82706.CaliforniaDreamingCClicense40.mp4|https://www.openbeelden.nl/files/82/82717.82706.CaliforniaDreamingCClicense40.ogv
oai:openimages.eu:84215|"Stay'in alive in Jo'burg"|||"Johannesburg is the largest economic metropolis in Africa. Downtown Johannesburg, however, is one of the world's most violent places. Most offi ce buildings have been vacated or squatted and are occupied by various groups of illegal Africans from neighbouring countries. Thousands of fortune seekers are trying to build a new life in this anarchist urban jungle. Meanwhile, the city is preparing for the World Cup soccer 2010, an important opportunity for Johannesburg to present itself to the world. The city centre needs to be cleaned up, and everything is being done to make sure that this major event will run smoothly. But will it succeed? And what will be the consequences for the thousands of immigrants in the city center? Rob Schr√∂der visited Johannesburg repeatedly since January 2008 to document the changes. Is it possible to control this city of hope and fear, and to transform its center into a safe and acceptable place to live? And how does anyone survive in Johannesburg at all?"||"VPRO holland doc "|2011-06-12|https://www.openbeelden.nl/media/84215|https://creativecommons.org/licenses/by-nc-sa/3.0/nl/|https://www.openbeelden.nl/files/84/84229.84214.stayinaliveinjoburg.mp4|https://www.openbeelden.nl/files/84/84225.84214.stayinaliveinjoburg.ogv
oai:openimages.eu:84117|"I am Gurgaon: the new city in India"|||"Gurgaon is a satellite city outside of New Delhi. Its shiny facades symbolize India's unparalleled economic growth. Gurgaon was built at the turn of this century by the largest project developers in the world. What was a village 15 years ago has rapidly grown into a city of 1,4 million inhabitants, living in glossy apartment buildings, but with little or no infrastructure. How viable is this new type of city? Residents of the gated communities of this privatized society off er insights in their hopes and desires, and in the new self-confidence of the Indian middle class. Gradually, the consequences of the credit crunch appear. In this model city, the gap between rich and poor is growing, affecting the psyche of its inhabitants. Is Gurgaon a new Ponzi Scheme or the prototype for future mega cities all over India?"||"VPRO tegenlicht"|2011-06-11|https://www.openbeelden.nl/media/84117|https://creativecommons.org/licenses/by-nc-sa/3.0/nl/|https://www.openbeelden.nl/files/84/84132.84116.i_am_gurgaon.mp4|https://www.openbeelden.nl/files/84/84128.84116.i_am_gurgaon.ogv
oai:openimages.eu:83433|"metropolis coming to the city"|||"Andala, Maria, Nick and Dong Bing live in four different continents, but they all have one thing in common: they have decided to start a new life in the big city. For six months, the four newcomers are followed by our local Metropolis video correspondents."||"VPRO metropolis"|2011-06-05|https://www.openbeelden.nl/media/83433|https://creativecommons.org/licenses/by-nc-nd/3.0/nl/|https://www.openbeelden.nl/files/83/83448.83432.metropolis_coming_to_the_city.mp4|https://www.openbeelden.nl/files/83/83444.83432.metropolis_coming_to_the_city.ogv
